{"stat.useItem.minecraft.wooden_door":1,"stat.flyOneCm":16388,"stat.useItem.foundations.portal_hammer":1,"stat.walkOneCm":11455,"stat.useItem.minecraft.torch":4,"stat.jump":6,"stat.useItem.minecraft.chest":2,"stat.playOneMinute":17558,"stat.useItem.minecraft.planks":128,"stat.leaveGame":1,"stat.sneakTime":68,"stat.useItem.minecraft.cobblestone":64,"stat.damageDealt":200,"stat.crouchOneCm":49,"stat.killEntity.Wolf":1,"stat.timeSinceDeath":17558,"stat.useItem.minecraft.crafting_table":1,"stat.mobKills":1,"stat.useItem.minecraft.stone_slab2":1,"stat.useItem.minecraft.spawn_egg":1,"stat.useItem.minecraft.glass_pane":13,"stat.useItem.minecraft.glowstone":6}