{"stat.pickup.minecraft.rotten_flesh":4,"stat.killEntity.Skeleton":8,"stat.walkOneCm":57931,"stat.pickup.foundations.legend_destruction_sword":1,"stat.leaveGame":1,"stat.killEntity.foundations.mystical_monster":1,"stat.pickup.minecraft.arrow":2,"stat.killEntity.Spider":5,"stat.damageTaken":159,"stat.killEntity.Enderman":4,"stat.pickup.foundations.god_lucky_block":1,"stat.killEntity.ZombieVillager":2,"stat.pickup.minecraft.cobblestone":20,"stat.mobKills":118,"stat.killEntity.Creeper":25,"stat.pickup.minecraft.dye":1,"stat.pickup.minecraft.string":4,"stat.flyOneCm":1751450,"stat.killEntity.PigZombie":3,"stat.drop":1,"stat.swimOneCm":28027,"stat.jump":126,"stat.mineBlock.minecraft.leaves":1,"stat.useItem.foundations.legend_god_sword":2,"stat.killEntity.foundations.god_monster":1,"stat.playOneMinute":55140,"stat.killEntity.Witch":3,"stat.killEntity.foundations.my_monster":1,"stat.sneakTime":4804,"stat.damageDealt":60083,"stat.pickup.minecraft.stone":3,"stat.crouchOneCm":435,"stat.killEntity.Zombie":32,"stat.timeSinceDeath":55140,"stat.killEntity.Squid":4,"stat.killEntity.Silverfish":2,"stat.useItem.foundations.legend_mystical_sword":1,"stat.pickup.minecraft.dirt":1,"stat.useItem.foundations.legend_destruction_sword":2,"stat.sprintOneCm":44652,"stat.pickup.foundations.god_ingot":3,"stat.useItem.minecraft.spawn_egg":2,"stat.drop.foundations.legend_destruction_sword":1,"stat.killEntity.Pig":3,"stat.mineBlock.minecraft.tallgrass":2,"stat.diveOneCm":41592,"stat.killEntity.Stray":4}