{"stat.pickup.foundations.radiant_block":64,"stat.leaveGame":1,"stat.pickup.foundations.mystical_boots":3,"stat.pickup.foundations.cow_gun":64,"stat.pickup.minecraft.red_shulker_box":1,"stat.pickup.foundations.destruction_helmet":1,"stat.pickup.foundations.destruction_leggings":1,"stat.pickup.foundations.my_ore":64,"stat.jump":40,"stat.pickup.foundations.mystical_block":64,"stat.swimOneCm":2748,"stat.pickup.foundations.mystical_leggings":3,"stat.pickup.minecraft.white_shulker_box":1,"stat.pickup.minecraft.enchanted_book":26,"stat.pickup.minecraft.black_shulker_box":1,"stat.crouchOneCm":72,"stat.pickup.foundations.my_ingot":64,"stat.pickup.foundations.mystical_chestplate":3,"stat.pickup.minecraft.dirt":2,"stat.pickup.foundations.god_ingot":64,"stat.useItem.minecraft.stone_slab2":11,"stat.pickup.foundations.mystical_ingot":64,"stat.pickup.foundations.god_leggings":1,"stat.pickup.foundations.my_pickaxe":3,"stat.pickup.foundations.destruction_chestplate":1,"stat.pickup.foundations.destruction_boots":1,"stat.pickup.foundations.levitation_gun":64,"stat.pickup.foundations.my_shovel":3,"stat.pickup.minecraft.yellow_shulker_box":1,"stat.pickup.minecraft.orange_shulker_box":1,"stat.pickup.foundations.god_chestplate":1,"stat.pickup.foundations.god_shovel":2,"stat.pickup.foundations.crystal_launcher":64,"stat.pickup.foundations.lava_launcher":64,"stat.pickup.minecraft.cobblestone":2,"stat.pickup.foundations.god_hoe":2,"stat.useItem.minecraft.anvil":2,"stat.flyOneCm":173925,"stat.pickup.foundations.mystical_sword":2,"stat.pickup.foundations.my_hammer":2,"stat.pickup.foundations.my_sword":2,"stat.pickup.minecraft.pink_shulker_box":1,"stat.pickup.foundations.god_helmet":1,"stat.damageDealt":9407,"stat.timeSinceDeath":68420,"stat.useItem.minecraft.spawn_egg":6,"stat.useItem.foundations.portal_hammer":1,"stat.walkOneCm":17141,"stat.pickup.foundations.my_hoe":3,"stat.pickup.foundations.legend_destruction_sword":1,"stat.pickup.foundations.mystical_axe":3,"stat.pickup.foundations.legend_mystical_sword":3,"stat.pickup.foundations.god_pickaxe":2,"stat.pickup.foundations.mystical_small_structure":64,"stat.pickup.foundations.god_block":64,"stat.killEntity.foundations.god_monster":1,"stat.pickup.foundations.god_axe":2,"stat.pickup.foundations.god_small_structure":64,"stat.shulkerBoxOpened":85,"stat.pickup.minecraft.silver_shulker_box":1,"stat.sprintOneCm":3593,"stat.pickup.foundations.mystical_hoe":3,"stat.pickup.minecraft.magenta_shulker_box":1,"stat.pickup.foundations.legend_god_sword":1,"stat.pickup.foundations.mystical_helmet":3,"stat.mobKills":2,"stat.pickup.foundations.god_boots":1,"stat.pickup.minecraft.spawn_egg":256,"stat.pickup.minecraft.blue_shulker_box":1,"stat.pickup.foundations.my_structure":64,"stat.playOneMinute":68420,"stat.sneakTime":510,"stat.pickup.foundations.legend_radiant_sword":3,"stat.pickup.foundations.god_ore":64,"stat.pickup.foundations.portal_hammer":2,"stat.pickup.foundations.mystical_shovel":3,"stat.pickup.foundations.mystical_pickaxe":3,"stat.pickup.foundations.my_axe":3,"stat.diveOneCm":2592}