{"stat.killEntity.Skeleton":1,"stat.walkOneCm":1011,"stat.leaveGame":1,"stat.useItem.foundations.god_lucky_block":6,"stat.killEntity.ZombieVillager":2,"stat.pickup.minecraft.cobblestone":2,"stat.mobKills":17,"stat.killEntity.Creeper":5,"stat.flyOneCm":271797,"stat.deaths":1,"stat.pickup.minecraft.wheat_seeds":1,"stat.swimOneCm":2616,"stat.jump":7,"stat.useItem.foundations.world_ending_lucky_block":3,"stat.playOneMinute":13276,"stat.sneakTime":863,"stat.damageDealt":29004,"stat.pickup.minecraft.stone":2,"stat.crouchOneCm":308,"stat.killEntity.Zombie":3,"stat.timeSinceDeath":9708,"stat.pickup.minecraft.sapling":1,"stat.pickup.minecraft.dirt":1,"stat.sprintOneCm":123,"stat.useItem.minecraft.spawn_egg":4,"stat.diveOneCm":1319}