{"stat.killEntity.Skeleton":1,"stat.walkOneCm":3026,"stat.killEntity.Chicken":1,"stat.leaveGame":1,"stat.mineBlock.minecraft.vine":1,"stat.killEntity.Spider":1,"stat.killEntity.Enderman":1,"stat.mobKills":27,"stat.useItem.minecraft.anvil":1,"stat.flyOneCm":160493,"stat.jump":6,"stat.swimOneCm":1241,"stat.playOneMinute":7123,"stat.pickup.minecraft.enchanted_book":1,"stat.killEntity.Sheep":17,"stat.sneakTime":365,"stat.shulkerBoxOpened":2,"stat.damageDealt":1961,"stat.crouchOneCm":71,"stat.killEntity.Zombie":3,"stat.timeSinceDeath":7123,"stat.useItem.foundations.legend_destruction_sword":2,"stat.sprintOneCm":3067,"stat.useItem.minecraft.stone_slab2":1,"stat.killEntity.Pig":2,"stat.mineBlock.minecraft.tallgrass":1}